transaction_id,customer_id,amount,timestamp,hour,day_of_week,transaction_type,channel,receiver_id,is_new_receiver,device_id,is_new_device,location,location_changed,transactions_last_1h,transactions_last_24h,failed_attempts,account_age_days,receiver_transaction_count,avg_transaction_amount,amount_deviation,is_fraud,demo_risk_score,risk_level
TX100283,CUST03658,6473.32,2026-08-08 01:00:00,1,5,SEND_MONEY,USSD,REC00058,1,DEV00350,0,Saidpur,0,15,16,3,1906,3,695.97,8.3,1,63.19,MEDIUM
TX100006,CUST03501,2933.26,2026-10-23 12:38:00,12,4,SEND_MONEY,APP,REC02266,0,DEV03353,0,Saidpur,0,0,4,1,2437,5,2122.2,0.38,0,2.14,LOW
TX100293,CUST03124,10689.58,2026-12-21 02:49:00,2,0,PAYMENT,APP,REC03794,1,DEV02019,1,Dhaka,0,7,20,1,165,0,1916.82,4.58,1,60.21,MEDIUM
TX100015,CUST04205,93.34,2026-05-04 20:46:00,20,0,PAYMENT,APP,REC01832,0,DEV01953,0,Dinajpur,0,0,9,1,816,31,208.11,0.55,0,4.54,LOW
TX100021,CUST01126,426.33,2026-07-22 16:24:00,16,2,CASH_OUT,USSD,REC01782,0,DEV02250,0,Chattogram,0,3,1,0,2412,25,545.79,0.22,0,4.78,LOW
TX100207,CUST03955,30573.32,2026-02-17 00:23:00,0,1,CASH_OUT,USSD,REC00608,1,DEV01544,1,Nilphamari,1,5,21,2,2145,1,2429.19,11.59,1,90.94,HIGH
TX100033,CUST03706,13625.83,2026-07-05 02:11:00,2,6,SEND_MONEY,APP,REC03119,1,DEV00057,1,Dinajpur,1,15,32,1,1071,2,886.24,14.37,1,99.77,HIGH
TX100116,CUST03400,7097.47,2026-10-12 23:51:00,23,0,PAYMENT,APP,REC04142,0,DEV01983,1,Dhaka,1,5,19,1,225,0,698.9,9.16,1,68.38,MEDIUM
TX100099,CUST01104,24795.21,2026-09-26 04:14:00,4,5,SEND_MONEY,APP,REC01711,1,DEV03215,1,Dinajpur,1,15,14,5,812,2,2738.04,8.06,1,94.99,HIGH
TX100014,CUST04498,1310.29,2026-02-16 20:31:00,20,0,SEND_MONEY,USSD,REC03676,0,DEV03051,0,Sylhet,0,2,4,0,936,41,951.16,0.38,0,3.47,LOW
TX100255,CUST04878,1083.73,2026-10-03 03:31:00,3,5,SEND_MONEY,APP,REC02407,1,DEV01188,1,Saidpur,1,8,36,4,1699,1,242.91,3.46,1,82.67,HIGH
TX100004,CUST03430,2727.89,2026-06-26 16:40:00,16,4,CASH_IN,APP,REC04140,0,DEV00304,0,Mymensingh,0,1,5,0,1495,13,1521.74,0.79,0,5.18,LOW
TX100330,CUST04063,3421.97,2026-07-02 05:58:00,5,3,PAYMENT,USSD,REC04164,0,DEV01073,1,Saidpur,1,12,31,1,423,1,813.38,3.21,1,62.88,MEDIUM
TX100371,CUST00577,30279.57,2026-02-26 23:44:00,23,3,CASH_OUT,USSD,REC03522,0,DEV01455,1,Sylhet,0,11,31,1,1892,0,2345.92,11.91,1,63.72,MEDIUM
TX100009,CUST00236,712.75,2026-09-30 08:30:00,8,2,SEND_MONEY,USSD,REC02832,0,DEV00009,0,Mymensingh,0,3,4,1,1106,6,535.18,0.33,0,5.65,LOW
TX100019,CUST04941,1038.15,2026-02-27 19:05:00,19,4,SEND_MONEY,APP,REC01683,0,DEV02254,0,Mymensingh,1,2,5,0,2328,3,1889.15,0.45,0,15.12,LOW
TX100007,CUST01186,1178.44,2026-12-02 16:30:00,16,2,CASH_IN,APP,REC00011,0,DEV03467,0,Rangpur,0,2,2,0,156,51,1750.29,0.33,0,1.26,LOW
TX100005,CUST01182,2679.42,2026-06-29 14:12:00,14,0,PAYMENT,APP,REC03742,0,DEV02836,0,Sylhet,0,4,8,1,58,22,1231.53,1.18,0,5.41,LOW
TX100141,CUST02252,29646.9,2026-03-04 05:09:00,5,2,SEND_MONEY,APP,REC04259,1,DEV03410,1,Chattogram,1,6,36,5,905,2,2788.86,9.63,1,93.83,HIGH
TX100171,CUST03440,11822.76,2026-03-01 04:24:00,4,6,SEND_MONEY,USSD,REC04445,1,DEV01446,1,Chattogram,0,13,24,2,2466,2,720.26,15.41,1,76.35,MEDIUM
TX100125,CUST02160,22473.37,2026-04-28 02:30:00,2,1,SEND_MONEY,APP,REC00501,1,DEV02769,1,Rajshahi,1,7,33,5,1577,2,2101.0,9.7,1,92.35,HIGH
TX100112,CUST01373,11277.33,2026-04-05 00:16:00,0,6,CASH_IN,APP,REC00503,1,DEV02082,1,Saidpur,1,13,24,2,722,2,1198.75,8.41,1,91.67,HIGH
TX100275,CUST04760,5553.49,2026-06-12 23:21:00,23,4,CASH_IN,USSD,REC02232,1,DEV00081,1,Rangpur,1,8,32,6,1871,1,676.0,7.22,1,95.98,HIGH
TX100017,CUST00779,6570.69,2026-08-26 07:24:00,7,2,CASH_OUT,APP,REC02622,1,DEV00544,0,Dhaka,0,3,7,1,1132,21,3173.5,1.07,0,21.35,LOW
TX100010,CUST03120,2019.51,2026-12-18 10:17:00,10,4,CASH_OUT,WEB,REC01935,0,DEV03488,0,Nilphamari,0,1,10,0,1511,42,1608.16,0.26,0,3.1,LOW
TX100018,CUST01239,3609.41,2026-06-10 19:25:00,19,2,PAYMENT,USSD,REC01369,0,DEV03482,0,Saidpur,1,1,5,0,2209,49,1709.37,1.11,0,19.97,LOW
TX100026,CUST02693,1598.8,2026-02-05 14:15:00,14,3,CASH_IN,USSD,REC04939,0,DEV01659,0,Chattogram,0,1,10,0,1269,14,1313.67,0.22,0,0.85,LOW
TX100218,CUST00639,5386.38,2026-06-13 05:48:00,5,5,CASH_OUT,USSD,REC03674,1,DEV00686,1,Saidpur,1,7,27,2,1399,3,1047.65,4.14,1,75.9,MEDIUM
TX100435,CUST03041,9591.96,2026-09-07 02:42:00,2,0,SEND_MONEY,USSD,REC00053,1,DEV02682,0,Khulna,1,9,14,2,2056,2,1283.11,6.48,1,69.99,MEDIUM
TX100060,CUST00090,22923.93,2026-01-14 03:36:00,3,2,SEND_MONEY,APP,REC04896,1,DEV02661,0,Dhaka,0,5,32,6,2218,0,1384.7,15.56,1,65.61,MEDIUM
TX100012,CUST00531,861.18,2026-08-29 16:52:00,16,5,CASH_IN,APP,REC00493,1,DEV02397,0,Khulna,0,0,7,1,534,24,652.26,0.32,0,20.77,LOW
TX100001,CUST00175,1137.31,2026-08-22 10:10:00,10,5,SEND_MONEY,APP,REC01363,0,DEV01798,0,Dhaka,0,2,5,1,2171,6,957.84,0.19,0,6.88,LOW
TX100168,CUST02607,57841.7,2026-07-20 03:25:00,3,0,SEND_MONEY,USSD,REC01507,1,DEV02516,1,Chattogram,1,12,29,2,1358,2,3230.77,16.9,1,93.74,HIGH
TX100409,CUST04971,10145.52,2026-09-07 04:14:00,4,0,SEND_MONEY,APP,REC00875,0,DEV03452,1,Rajshahi,1,12,19,3,1987,3,672.27,14.09,1,76.67,MEDIUM
TX100213,CUST02486,10364.84,2026-02-03 01:06:00,1,1,SEND_MONEY,WEB,REC04183,1,DEV03284,0,Dhaka,1,5,18,3,225,1,1432.57,6.24,1,62.66,MEDIUM
TX100013,CUST02970,10142.9,2026-06-20 03:39:00,3,5,CASH_IN,APP,REC01762,1,DEV00259,1,Dinajpur,1,9,13,1,425,1,696.58,13.56,1,90.44,HIGH
TX100002,CUST01066,1634.47,2026-05-27 20:13:00,20,2,CASH_OUT,APP,REC04485,0,DEV00438,0,Dinajpur,0,2,12,0,854,36,1313.08,0.24,0,6.06,LOW
TX100023,CUST01928,502.73,2026-12-15 07:13:00,7,1,SEND_MONEY,APP,REC00682,0,DEV01418,0,Saidpur,0,3,8,0,374,21,1113.41,0.55,0,8.78,LOW
TX100003,CUST01335,1761.8,2026-06-12 22:18:00,22,4,SEND_MONEY,APP,REC00494,0,DEV00711,0,Rangpur,0,2,9,0,623,4,817.09,1.16,0,4.52,LOW
TX100219,CUST02985,22738.13,2026-09-26 01:15:00,1,5,PAYMENT,APP,REC02645,1,DEV01799,1,Rajshahi,1,9,25,3,341,0,1267.64,16.94,1,93.38,HIGH
TX100549,CUST02538,18400.16,2026-03-23 01:42:00,1,0,PAYMENT,APP,REC04830,0,DEV00972,1,Chattogram,1,8,17,5,821,0,2780.59,5.62,1,70.54,MEDIUM
TX100386,CUST00290,20567.83,2026-09-21 05:26:00,5,0,CASH_IN,APP,REC03219,1,DEV00118,0,Rajshahi,1,6,16,2,2272,2,1179.93,16.43,1,73.73,MEDIUM
TX100025,CUST03363,692.2,2026-04-10 18:18:00,18,4,CASH_OUT,APP,REC04969,0,DEV00125,0,Dinajpur,0,1,9,0,1513,21,846.77,0.18,0,2.83,LOW
TX100103,CUST03391,9695.65,2026-06-24 03:15:00,3,2,SEND_MONEY,APP,REC00918,1,DEV02613,1,Saidpur,1,13,31,6,1829,0,870.46,10.14,1,99.55,HIGH
TX100011,CUST02660,5586.79,2026-07-14 13:52:00,13,1,SEND_MONEY,USSD,REC00311,1,DEV01044,0,Mymensingh,0,1,8,1,228,30,3345.91,0.67,0,21.32,LOW
TX100024,CUST00050,2038.5,2026-12-21 08:07:00,8,0,SEND_MONEY,USSD,REC01576,0,DEV03328,0,Dhaka,0,4,12,0,2429,11,2155.41,0.05,0,8.17,LOW
TX100020,CUST01551,3054.62,2026-07-20 14:25:00,14,0,PAYMENT,APP,REC03540,1,DEV02841,0,Chattogram,0,3,4,1,1130,54,1255.04,1.43,0,23.98,LOW
TX100287,CUST04836,26182.54,2026-03-13 04:21:00,4,4,SEND_MONEY,USSD,REC04737,1,DEV00809,1,Khulna,1,10,14,3,733,2,1924.12,12.61,1,92.73,HIGH
TX100022,CUST00448,604.23,2026-10-18 20:52:00,20,6,SEND_MONEY,APP,REC02866,1,DEV02082,0,Chattogram,0,3,4,0,1670,2,1107.48,0.45,0,19.47,LOW
TX100008,CUST02552,2274.19,2026-09-27 18:30:00,18,6,SEND_MONEY,USSD,REC03893,0,DEV00273,0,Sylhet,0,2,5,0,1055,53,1211.57,0.88,0,4.47,LOW
TX100081,CUST04634,54375.37,2026-04-16 03:45:00,3,3,SEND_MONEY,USSD,REC01879,1,DEV03293,1,Khulna,1,9,23,5,2133,2,2762.97,18.68,1,99.45,HIGH
TX100016,CUST02606,2865.55,2026-10-30 22:10:00,22,4,CASH_OUT,APP,REC04876,0,DEV01245,0,Khulna,0,0,3,0,202,4,1377.14,1.08,0,2.07,LOW
TX100205,CUST00479,11857.4,2026-12-22 23:51:00,23,1,SEND_MONEY,APP,REC00642,1,DEV02411,0,Sylhet,1,11,25,3,758,2,2780.5,3.26,1,61.34,MEDIUM
TX100230,CUST04975,6417.36,2026-05-15 03:25:00,3,4,SEND_MONEY,APP,REC02466,1,DEV03358,1,Rangpur,1,14,12,4,647,2,899.11,6.14,1,87.61,HIGH
TX100475,CUST04406,9786.41,2026-01-28 01:01:00,1,2,CASH_OUT,APP,REC01098,1,DEV00282,1,Sylhet,0,15,36,6,1236,1,1089.83,7.98,1,79.44,MEDIUM
